-- MariaDB dump 10.18  Distrib 10.5.7-MariaDB, for Linux (x86_64)
--
-- Host: localhost    Database: ms
-- ------------------------------------------------------
-- Server version	10.5.7-MariaDB

/*!40101 SET @OLD_CHARACTER_SET_CLIENT=@@CHARACTER_SET_CLIENT */;
/*!40101 SET @OLD_CHARACTER_SET_RESULTS=@@CHARACTER_SET_RESULTS */;
/*!40101 SET @OLD_COLLATION_CONNECTION=@@COLLATION_CONNECTION */;
/*!40101 SET NAMES utf8mb4 */;
/*!40103 SET @OLD_TIME_ZONE=@@TIME_ZONE */;
/*!40103 SET TIME_ZONE='+00:00' */;
/*!40014 SET @OLD_UNIQUE_CHECKS=@@UNIQUE_CHECKS, UNIQUE_CHECKS=0 */;
/*!40014 SET @OLD_FOREIGN_KEY_CHECKS=@@FOREIGN_KEY_CHECKS, FOREIGN_KEY_CHECKS=0 */;
/*!40101 SET @OLD_SQL_MODE=@@SQL_MODE, SQL_MODE='NO_AUTO_VALUE_ON_ZERO' */;
/*!40111 SET @OLD_SQL_NOTES=@@SQL_NOTES, SQL_NOTES=0 */;

--
-- Table structure for table `t_contributor`
--

DROP TABLE IF EXISTS `t_contributor`;
/*!40101 SET @saved_cs_client     = @@character_set_client */;
/*!40101 SET character_set_client = utf8 */;
CREATE TABLE `t_contributor` (
  `project_id` int(11) NOT NULL,
  `contributor_id` int(11) NOT NULL,
  UNIQUE KEY `project_id` (`project_id`,`contributor_id`)
) ENGINE=InnoDB DEFAULT CHARSET=utf8;
/*!40101 SET character_set_client = @saved_cs_client */;

--
-- Dumping data for table `t_contributor`
--

LOCK TABLES `t_contributor` WRITE;
/*!40000 ALTER TABLE `t_contributor` DISABLE KEYS */;
INSERT INTO `t_contributor` VALUES (100123,96),(100124,96),(100127,73),(100127,98),(100127,114),(100128,99),(100129,102),(100132,97),(100133,70),(100133,73),(100134,70),(100134,73),(100134,114),(100135,73),(100135,103),(100135,104),(100135,105),(100135,106),(100135,114),(100136,70),(100136,73),(100136,103),(100136,104),(100136,105),(100136,106),(100136,107),(100136,109),(100138,73),(100138,88),(100138,103),(100138,114),(100138,115),(100156,73),(100158,110),(100159,111),(100163,113),(100166,112),(100175,73),(100175,112),(100175,114),(100179,88),(100187,73),(100188,73),(100188,88),(100188,103),(100188,114),(100190,88),(100190,114),(100191,88),(100191,114),(100192,88),(100193,73),(100194,88),(100195,88);
/*!40000 ALTER TABLE `t_contributor` ENABLE KEYS */;
UNLOCK TABLES;

--
-- Table structure for table `t_edit`
--

DROP TABLE IF EXISTS `t_edit`;
/*!40101 SET @saved_cs_client     = @@character_set_client */;
/*!40101 SET character_set_client = utf8 */;
CREATE TABLE `t_edit` (
  `user_id` int(11) NOT NULL,
  `node_id` int(11) NOT NULL,
  `edit_type` varchar(16) NOT NULL,
  `edit_time` varchar(32) DEFAULT NULL
) ENGINE=InnoDB DEFAULT CHARSET=utf8;
/*!40101 SET character_set_client = @saved_cs_client */;

--
-- Dumping data for table `t_edit`
--

LOCK TABLES `t_edit` WRITE;
/*!40000 ALTER TABLE `t_edit` DISABLE KEYS */;
INSERT INTO `t_edit` VALUES (1,1,'insert','Mon Oct 12 21:06:50 CST 2020'),(1,1,'insert','Mon Oct 12 21:19:50 CST 2020'),(1,1,'insert','Mon Oct 12 21:20:02 CST 2020'),(1,1,'insert','Tue Oct 13 15:54:51 CST 2020'),(1,1,'insert','Tue Oct 13 18:07:20 CST 2020'),(1,1,'insert','Tue Oct 13 19:38:05 CST 2020'),(1,1,'insert','Tue Oct 13 20:15:16 CST 2020'),(1,1,'insert','Tue Oct 13 20:25:09 CST 2020'),(1,1,'insert','Tue Oct 13 20:33:51 CST 2020'),(1,1,'insert','Tue Oct 13 22:19:18 CST 2020'),(1,1,'insert','Fri Oct 16 08:40:31 CST 2020'),(1,1,'insert','Fri Oct 16 08:45:43 CST 2020'),(1,1,'insert','Fri Oct 16 22:39:29 CST 2020'),(1,1,'insert','Sat Oct 17 17:31:15 CST 2020'),(1,1,'insert','Sun Oct 18 18:43:15 CST 2020'),(1,1,'insert','Sun Oct 18 18:49:15 CST 2020'),(1,1,'insert','Sun Oct 18 18:50:13 CST 2020'),(1,1,'insert','Mon Oct 19 18:34:58 CST 2020'),(1,1,'insert','Thu Oct 22 19:46:06 CST 2020'),(1,1,'insert','Sat Oct 24 11:17:24 CST 2020'),(1,1,'insert','Sat Oct 24 11:18:02 CST 2020'),(1,1,'insert','Sat Oct 24 11:18:31 CST 2020'),(1,1,'insert','Sat Oct 24 11:19:33 CST 2020'),(1,1,'insert','Sat Oct 24 21:19:26 CST 2020'),(1,1,'insert','Thu Nov 12 21:41:24 CST 2020'),(1,1,'insert','Thu Nov 12 21:41:36 CST 2020');
/*!40000 ALTER TABLE `t_edit` ENABLE KEYS */;
UNLOCK TABLES;

--
-- Table structure for table `t_follow`
--

DROP TABLE IF EXISTS `t_follow`;
/*!40101 SET @saved_cs_client     = @@character_set_client */;
/*!40101 SET character_set_client = utf8 */;
CREATE TABLE `t_follow` (
  `follower_id` int(11) NOT NULL,
  `following_id` int(11) NOT NULL,
  UNIQUE KEY `follower_id` (`follower_id`,`following_id`)
) ENGINE=InnoDB DEFAULT CHARSET=utf8;
/*!40101 SET character_set_client = @saved_cs_client */;

--
-- Dumping data for table `t_follow`
--

LOCK TABLES `t_follow` WRITE;
/*!40000 ALTER TABLE `t_follow` DISABLE KEYS */;
INSERT INTO `t_follow` VALUES (1,2),(1,3),(1,4),(2,1),(3,1),(10,1);
/*!40000 ALTER TABLE `t_follow` ENABLE KEYS */;
UNLOCK TABLES;

--
-- Table structure for table `t_node`
--

DROP TABLE IF EXISTS `t_node`;
/*!40101 SET @saved_cs_client     = @@character_set_client */;
/*!40101 SET character_set_client = utf8 */;
CREATE TABLE `t_node` (
  `id` int(11) NOT NULL AUTO_INCREMENT,
  `author_id` int(11) NOT NULL,
  `project_id` int(11) NOT NULL,
  `parent_id` int(11) DEFAULT NULL,
  `theme` varchar(64) NOT NULL,
  `content` mediumtext NOT NULL,
  `banAppend` tinyint(1) NOT NULL,
  `nameless` tinyint(1) NOT NULL,
  `last_edit_id` int(11) NOT NULL,
  `last_edit_time` varchar(32) DEFAULT NULL,
  PRIMARY KEY (`id`)
) ENGINE=InnoDB AUTO_INCREMENT=578 DEFAULT CHARSET=utf8;
/*!40101 SET character_set_client = @saved_cs_client */;

--
-- Dumping data for table `t_node`
--

LOCK TABLES `t_node` WRITE;
/*!40000 ALTER TABLE `t_node` DISABLE KEYS */;
INSERT INTO `t_node` VALUES (22,70,100121,0,'asd','暂无',0,0,70,'1603798405989'),(23,88,100121,22,'asdf','asdf',0,0,88,'1603798821807'),(24,88,100121,22,'asdfasf','asfda',0,0,88,'1603798826853'),(25,70,100125,0,'asd','暂无',0,0,70,'1603805570342'),(26,70,100125,25,'nihao','暂无',0,0,70,'1603805663890'),(27,73,100125,25,'dd','暂无',0,0,73,'1603806517989'),(28,73,100126,0,'sdas','暂无',0,0,73,'1603806630925'),(29,98,100127,0,'小程序开发','。。。',0,0,98,'1603807651725'),(30,98,100127,29,'用户界面','暂无',0,0,98,'1603807666070'),(31,98,100127,29,'订单界面','暂无',0,0,98,'1603807842948'),(32,98,100127,29,'商品界面','暂无',0,0,98,'1603807854789'),(33,98,100127,30,'信息','暂无',0,0,98,'1603807905260'),(35,98,100127,32,'really','暂无',0,0,98,'1603807992859'),(36,98,100127,32,'把长三角啊','暂无',0,0,98,'1603808008033'),(37,73,100125,27,'fg','暂无',0,0,73,'1603808109868'),(39,73,100127,29,'****o','**rl**hhh',0,0,73,'1603808825010'),(40,98,100125,25,'写写写','暂无',0,0,98,'1603808849086'),(41,98,100125,40,'大大声道','暂无',0,0,98,'1603808882205'),(42,99,100128,0,'咖喱饭','做一个咖喱饭，不要咖喱不要饭',0,0,99,'1603810028457'),(43,102,100129,0,'1','77',0,0,102,'1603855545927'),(44,70,100130,0,'asd','暂无',0,0,70,'1603861346649'),(45,70,100131,0,'asd','暂无',0,0,70,'1603861359411'),(46,97,100132,0,'das','暂无',0,0,97,'1603862016400'),(47,70,100131,45,'1','暂无',0,0,70,'1603863243221'),(49,70,100131,48,'2','暂无',0,0,70,'1603863265777'),(50,70,100131,47,'2','暂无',0,0,70,'1603863285567'),(52,70,100131,50,'3','暂无',0,0,70,'1603863305127'),(53,70,100131,50,'4','暂无',0,0,70,'1603863317338'),(54,97,100131,45,'5','暂无',0,0,97,'1603863396816'),(55,97,100131,47,'6','暂无',0,0,97,'1603863402256'),(56,97,100131,54,'7','暂无',0,0,97,'1603863406614'),(57,70,100133,0,'测试','暂无',0,0,70,'1603863452325'),(60,70,100133,57,'1','暂无',1,0,70,'1603863513776'),(61,73,100134,0,'今天吃什么','暂无',0,0,73,'1603939393339'),(62,73,100134,61,'早餐','暂无',0,0,73,'1603939403805'),(63,73,100134,61,'中午','暂无',0,0,73,'1603939414678'),(64,73,100134,61,'晚餐','暂无',0,0,73,'1603939420439'),(65,73,100134,62,'油条和豆浆','暂无',0,0,73,'1603939429239'),(66,73,100134,64,'黄焖鸡？？','暂无',0,0,73,'1603939437798'),(67,73,100134,63,'外卖','暂无',0,0,73,'1603939448173'),(68,73,100134,67,'拌饭','暂无',0,0,73,'1603939480783'),(69,70,100134,63,'北饭','暂无',0,0,70,'1603943113829'),(70,70,100134,69,'三楼','暂无',0,0,70,'1603943185544'),(71,104,100135,0,'露营活动','课上临时',0,0,104,'1603953526502'),(72,103,100135,71,'食品','暂无',0,0,103,'1603953579719'),(73,105,100135,71,'打猎','一群人进行狮子狩猎',0,0,105,'1603953594599'),(74,104,100135,71,'药品','暂无',0,0,104,'1603953606544'),(75,106,100135,72,'猎枪','暂无',0,0,106,'1603953609839'),(76,105,100135,72,'屎','暂无',0,0,105,'1603953643166'),(77,106,100135,72,'吃启裕','暂无',0,0,106,'1603953707690'),(78,104,100135,71,'睡袋','暂无',0,0,104,'1603953724177'),(79,103,100135,71,'人员','暂无',0,0,103,'1603953768526'),(80,104,100136,0,'露营','课上临时',0,0,104,'1603953972994'),(82,104,100136,80,'生活用品','暂无',0,0,104,'1603954010643'),(84,103,100136,80,'出行','暂无',0,0,103,'1603954065236'),(85,103,100136,84,'地铁','暂无',0,0,103,'1603954080711'),(87,105,100136,80,'出行人员','暂无',0,0,105,'1603954083635'),(88,106,100136,82,'帐篷','选择结构稳定、重量轻、抗风、防御性能较强的双层帐篷为佳',0,0,106,'1603954087134'),(89,103,100136,84,'公交','暂无',0,0,103,'1603954090702'),(91,106,100136,82,'睡袋','野外露营必备之物,有羽绒、晴纶棉、线织、抓绒几种,根据天气选择吧。',0,0,106,'1603954125957'),(92,104,100136,82,'衣服','暂无',0,0,104,'1603954144385'),(93,106,100136,82,'防潮垫','耐磨层有单层和双层之分,有平直面和蛋巢面、有可充气垫,根据你的要求选择。',0,0,106,'1603954145179'),(94,106,100136,82,'炉具','在炉具的选择上有瓦斯炉和汽化炉、酒精炉等,在野外禁止生篝火等方法的地方非常有用。',0,0,106,'1603954169267'),(95,104,100136,82,'睡袋','暂无',0,0,104,'1603954174013'),(96,106,100136,82,'套锅','一种专门为登山露营而设计的套锅,大、中、小的锅子套在**,根据人数的多少有不同的组合，还附有小碗、汤匙及小茶杯。',0,0,106,'1603954182817'),(97,103,100136,84,'步行','暂无',0,0,103,'1603954187134'),(98,104,100136,82,'药品','暂无',0,0,104,'1603954188062'),(99,106,100136,82,'水袋(壶)','野外活动不可或缺的装备,毕竟营地离水总有一段距离。',0,0,106,'1603954195647'),(100,106,100136,82,'营灯、手电筒','夜行、夜宿都需要,必备,也可以选择头灯,非常方便。',0,0,106,'1603954205013'),(101,106,100136,82,'燃料','如果你不想把炉具当摆设,记住带着它吧,打火机、防潮火柴也要带着',0,0,106,'1603954214236'),(102,106,100136,80,'食品','野餐罐头、面包、方便面、饼干、必备。也可以带些大米,肉串、烤肉、零食等等，根据个人喜好以及FB程度自定。',0,0,106,'1603954238638'),(103,104,100136,84,'高铁','暂无',0,0,104,'1603954251429'),(104,106,100136,82,'小刀','开路、切割、都离不开它,去比较荒野的地方就好带砍刀,平时带一把多用途的瑞士军刀。',0,0,106,'1603954254771'),(105,106,100136,82,'铁锹','可选择带斧头两用锹,搭建帐篷、平整土地要比你徒手快上百倍,斧头可以砍些朽木枯树。',0,0,106,'1603954266024'),(106,106,100136,82,'附属装备','指北针、地图、眼镜、浮水衣、防蚊液、橡皮艇、冰桶、滤水器、望远镜、烤肉架等。',0,0,106,'1603954283345'),(107,106,100136,82,'背包','一般野营2~3天**~70升足以,一定要选择好一点牌子的、结识、舒适,背时间长了就知道了他的好处了。',0,0,106,'1603954295720'),(108,104,100136,102,'干粮','暂无',0,0,104,'1603954313389'),(109,104,100136,102,'矿泉水','暂无',0,0,104,'1603954326517'),(110,106,100136,84,'宇宙飞船','暂无',0,0,106,'1603954337088'),(111,106,100136,84,'传送门','暂无',0,0,106,'1603954342451'),(112,106,100136,94,'炉头','**在野外可以吃到热的东西',0,0,106,'1603954392244'),(113,106,100136,94,'气罐','配合炉头使用，注意携带安全',0,0,106,'1603954409206'),(114,106,100136,94,'小钢杯','暂无',0,0,106,'1603954498730'),(115,106,100136,94,'烧烤炉','暂无',0,0,106,'1603954505368'),(116,106,100136,107,'大背包','暂无',0,0,106,'1603954537568'),(117,106,100136,107,'小背包','暂无',0,0,106,'1603954545634'),(118,106,100136,107,'腰包或挎包','暂无',0,0,106,'1603954551141'),(119,106,100136,107,'摄影包','暂无',0,0,106,'1603954556724'),(120,106,100136,100,'头灯','暂无',0,0,106,'1603954568811'),(121,106,100136,100,'手电','暂无',0,0,106,'1603954573341'),(122,106,100136,100,'营地灯','暂无',0,0,106,'1603954578020'),(123,106,100136,100,'防风打火机','暂无',0,0,106,'1603954583196'),(124,73,100136,110,'离谱','暂无',0,0,73,'1603954890825'),(128,107,100136,87,'女朋友1号','迪丽热巴',0,0,107,'1603955552533'),(129,70,100136,84,'地道','暂无',0,0,70,'1603955554239'),(130,103,100137,0,'**lh****','ilglhig',0,0,103,'1603955641417'),(131,103,100138,0,'vcvcv','cvcvcv',0,0,103,'1603955662671'),(132,103,100138,131,'hj','hj**h',0,0,103,'1603955704212'),(133,107,100136,87,'女朋友2号','欧阳娜娜',0,0,107,'1603955726299'),(136,107,100136,87,'女朋友3号','古力娜扎',0,0,107,'1603955869090'),(139,109,100136,80,'***2号，参上','暂无',0,0,109,'1603956819904'),(140,108,100139,0,'维哥哥的第一次应援','别看了，直接打钱给应援会会长-维哥哥的小迷弟！',0,0,108,'1603956831959'),(141,108,100139,140,'第一次打钱','**块',0,0,108,'1603956874544'),(142,108,100139,140,'第二次打钱','***',0,0,108,'1603956896334'),(143,108,100139,141,'第三次橘子','**W',0,0,108,'1603956922442'),(144,108,100139,141,'第五次橘子','**w',0,0,108,'1603956935233'),(145,73,100140,0,'内裤','暂无',0,0,73,'1603956980930'),(149,108,100139,143,'直接打钱','600w',0,0,108,'1603957052881'),(151,73,100140,145,'颜色','暂无',0,0,73,'1603957399888'),(152,73,100140,151,'红色','暂无',0,0,73,'1603957424818'),(153,73,100136,139,'***','暂无',0,0,73,'1603957428636'),(154,73,100140,151,'蓝色','暂无',0,0,73,'1603957432629'),(155,73,100140,151,'绿色','暂无',0,0,73,'1603957439074'),(156,73,100140,145,'样式','暂无',0,0,73,'1603957452594'),(157,73,100140,156,'蕾丝','暂无',0,0,73,'1603957460249'),(158,73,100140,145,'特性','暂无',0,0,73,'1603957473805'),(159,73,100140,158,'不会被撕烂','暂无',0,0,73,'1603957483423'),(160,109,100136,80,'地点','暂无',0,0,109,'1603957869434'),(161,109,100136,160,'**功','暂无',0,0,109,'1603957918685'),(162,108,100141,0,'**d*d','**d',0,0,108,'1603961843026'),(163,108,100141,162,'**d','**d',0,0,108,'1603961853299'),(165,108,100143,0,'**','**',0,0,108,'1603961940363'),(166,108,100144,0,'q**','q**',0,0,108,'1603961955778'),(167,108,100145,0,'zxac','zxac',0,0,108,'1603962005471'),(168,108,100146,0,'1**','1qw',0,0,108,'1603962252896'),(169,108,100147,0,'1**','**',0,0,108,'1603962272030'),(170,108,100148,0,'1q**','1****',0,0,108,'1603962285773'),(171,108,100149,0,'**r','er',0,0,108,'1603962298630'),(172,108,100150,0,'**','**',0,0,108,'1603962308252'),(173,108,100151,0,'vb','vb',0,0,108,'1603962320090'),(174,108,100152,0,'q\'**','q**',0,0,108,'1603962396424'),(175,108,100153,0,'rt','rt',0,0,108,'1603962409916'),(176,108,100154,0,'s**','s**',0,0,108,'1603962421269'),(177,107,100136,84,'滴滴','暂无',0,0,107,'1603969336983'),(178,107,100155,0,'a****','g**gs',0,0,107,'1603969401300'),(179,107,100155,178,'**c','xgd',0,0,107,'1603969411716'),(180,73,100138,131,'你在搞**','暂无',0,0,73,'1603973215210'),(181,73,100133,57,'**','暂无',0,0,73,'1603973241643'),(182,73,100156,0,'思维导图作业','暂无',0,0,73,'1603973277980'),(183,73,100156,182,'太容易','暂无',0,0,73,'1603981411880'),(185,70,100134,61,'饿着','暂无',0,0,70,'1604031135533'),(186,110,100157,0,'教程项目','暂无',0,0,110,'1604031731149'),(187,110,100158,0,'教程项目','暂无',0,0,110,'1604031807513'),(188,111,100159,0,'**d','暂无',0,0,111,'1604032571642'),(189,112,100160,0,'**d','暂无',0,0,112,'1604032663113'),(190,112,100161,0,'**d','暂无',0,0,112,'1604032713593'),(191,112,100162,0,'教程项目','教程项目',0,0,112,'1604033119376'),(192,113,100163,0,'加入项目教程','加入项目教程',0,0,113,'1604034726735'),(193,112,100164,0,'导入导出教程','暂无',0,0,112,'1604035623009'),(194,112,100165,0,'导入导出教程','null',0,0,112,'1604035812850'),(195,112,100166,0,'导入导出教程','null',0,0,112,'1604035866629'),(197,103,100167,0,'Warning\n警告\nAttention\nWarnung\n경고','null',0,0,103,'1604055365399'),(198,103,100167,0,'You can try using XMind 8 Update 3 or later version to open','null',0,0,103,'1604055365415'),(199,103,100167,197,'该文件无法正常打开，请勿修改并保存，否则文件内容将会永久性丢失！','null',0,0,103,'1604055365426'),(200,103,100167,199,'你可以尝试使用 XMind 8 Update 3 或更新版本打开','null',0,0,103,'1604055365434'),(201,103,100167,197,'該文件無法正常打開，請勿修改並保存，否則文件內容將會永久性丟失！','null',0,0,103,'1604055365452'),(202,103,100167,201,'你可以嘗試使用 XMind 8 Update 3 或更新版本打開','null',0,0,103,'1604055365463'),(203,103,100167,197,'この文書は正常に開かないので、修正して保存しないようにしてください。そうでないと、書類の内容が永久に失われます。！','null',0,0,103,'1604055365473'),(204,103,100167,203,'XMind 8 Update 3 や更新版を使って開くこともできます','null',0,0,103,'1604055365479'),(205,103,100167,197,'파일을 정상적으로 열 수 없으며, 수정 및 저장하지 마십시오. 그렇지 않으면 파일의 내용이 영구적으로 손실됩니다!','null',0,0,103,'1604055365501'),(206,103,100167,205,'XMind 8 Update 3 또는 이후 버전을 사용하여','null',0,0,103,'1604055365508'),(208,73,100168,0,'*作节点教程','节点*作',0,0,73,'1604057392123'),(209,114,100169,0,'操作节点演示','节点操作\n',0,0,114,'1604058668184'),(210,114,100169,209,'增加节点','暂无',0,0,114,'1604058699019'),(212,114,100169,209,'修改节点','修改了内容',0,0,114,'1604058719119'),(213,114,100169,209,'查看节点','暂无',0,0,114,'1604058730045'),(214,114,100134,61,'想吃宵夜','暂无',0,0,114,'1604058966636'),(215,114,100169,210,'新增的节点','暂无',0,0,114,'1604059008844'),(216,114,100127,29,'好点子','暂无',0,0,114,'1604059181130'),(217,70,100133,181,'13','暂无',0,0,70,'1604102530676'),(218,114,100170,0,'演示','暂无',0,0,114,'1604116085492'),(219,114,100171,0,'演示项目','暂无',0,0,114,'1604116801192'),(222,114,100135,76,'好吃','暂无',0,0,114,'1604117549226'),(223,114,100172,0,'演示项目','暂无',0,0,114,'1604117984123'),(225,114,100127,29,'asd','dsa',0,0,114,'1604118842514'),(228,114,100173,0,'露营活动','null',0,0,114,'1604134737171'),(229,114,100173,228,'食品','[notes]',0,0,114,'1604134737183'),(230,114,100173,229,'猎枪','[notes]',0,0,114,'1604134737195'),(231,114,100173,229,'屎','[notes]',0,0,114,'1604134737207'),(232,114,100173,231,'好吃','[notes]',0,0,114,'1604134737215'),(233,114,100173,229,'吃启裕','[notes]',0,0,114,'1604134737226'),(234,114,100173,228,'打猎','[notes]',0,0,114,'1604134737233'),(235,114,100173,228,'药品','[notes]',0,0,114,'1604134737241'),(236,114,100173,228,'睡袋','[notes]',0,0,114,'1604134737251'),(237,114,100173,228,'人员','[notes]',0,0,114,'1604134737257'),(238,114,100174,0,'今天吃什么','null',0,0,114,'1604135258995'),(239,114,100174,238,'早餐','[notes]',0,0,114,'1604135259004'),(240,114,100174,239,'油条和豆浆','[notes]',0,0,114,'1604135259025'),(241,114,100174,238,'中午','[notes]',0,0,114,'1604135259032'),(242,114,100174,241,'外卖','[notes]',0,0,114,'1604135259039'),(243,114,100174,242,'拌饭','[notes]',0,0,114,'1604135259046'),(244,114,100174,241,'北饭','[notes]',0,0,114,'1604135259054'),(245,114,100174,244,'三楼','[notes]',0,0,114,'1604135259062'),(246,114,100174,238,'晚餐','[notes]',0,0,114,'1604135259068'),(247,114,100174,246,'黄焖鸡？？','[notes]',0,0,114,'1604135259075'),(248,114,100174,238,'饿着','[notes]',0,0,114,'1604135259084'),(249,114,100174,238,'想吃宵夜','[notes]',0,0,114,'1604135259092'),(250,114,100175,0,'迎新晚会','过一阵子的迎新晚会要求我们组织出一个节目，大家谈论讨论看看我们搞个什么节目',0,0,114,'1604141063442'),(251,73,100175,250,'小品','小品有趣',0,0,73,'1604141311994'),(252,114,100175,250,'合唱','合唱不用搞那么麻烦，成本低，比较轻松',0,0,114,'1604141417481'),(253,73,100175,250,'跳舞','暂无',0,0,73,'1604141475479'),(254,112,100175,251,'和编程联系到一起','把小品和编程联系到一起，可以体现出我们互联网院的特色。',0,0,112,'1604142987750'),(255,114,100175,252,'黄河大合唱','比较传统',0,0,114,'1604143346180'),(260,115,100138,33,'first','first children text',0,0,115,'1604575112091'),(261,115,100138,33,'first','first children text',0,0,115,'1604575197069'),(262,115,100138,33,'first','first children text',0,0,115,'1604575534651'),(263,115,100138,33,'first','first children text',0,0,115,'1604575807990'),(264,115,100138,33,'first','first children text',0,0,115,'1604575820630'),(265,103,100138,33,'first','first children text',0,0,103,'1604575911710'),(266,103,100138,33,'first','first children text',0,0,103,'1604575974173'),(270,114,100175,255,'asd','暂无',0,0,114,'1604576620298'),(272,115,100138,131,'asdf','asdf',0,0,115,'1604577941336'),(274,115,100138,132,'asdfas','dfasdf',0,0,115,'1604578658283'),(282,115,100138,132,'asdf','asdf',0,0,115,'1604579533401'),(286,114,100138,180,'asd','asd',0,0,114,'1604635914282'),(310,114,100138,131,'asdsada','暂无',0,0,114,'1604823325490'),(311,114,100138,131,'daskjgdajk','暂无',0,0,114,'1604824578158'),(313,114,100138,132,'dasjlkdhsjahj','暂无',0,0,114,'1604824939082'),(314,114,100138,313,'dasada','暂无',0,0,114,'1604824955976'),(332,114,100176,320,'asd','暂无',0,0,114,'1605181771855'),(334,114,100177,0,'asd','暂无',0,0,114,'1605182297386'),(335,114,100177,334,'asd','暂无',0,0,114,'1605182306898'),(336,114,100177,334,'asd','暂无',0,0,114,'1605182308228'),(337,114,100177,336,'asd','暂无',0,0,114,'1605182310995'),(338,114,100177,337,'asd','暂无',0,0,114,'1605182313145'),(339,114,100177,337,'asd','暂无',0,0,114,'1605182315195'),(340,114,100177,336,'asd','暂无',0,0,114,'1605182317499'),(341,114,100177,340,'asd','暂无',0,0,114,'1605182343953'),(342,114,100177,338,'asd','暂无',0,0,114,'1605182358408'),(343,114,100177,338,'asd','暂无',0,0,114,'1605182364552'),(345,114,100179,0,'qwe','暂无',0,0,114,'1605182801050'),(346,114,100179,345,'asd','暂无',0,0,114,'1605182828059'),(347,114,100179,345,'asd','暂无',0,0,114,'1605182835610'),(354,114,100179,347,'asd','暂无',0,0,114,'1605183485056'),(355,114,100179,347,'asd','暂无',0,0,114,'1605183486787'),(363,114,100179,346,'asd','暂无',0,0,114,'1605186390539'),(365,73,100180,0,'hhh','gongyou\n',0,0,73,'1605186642560'),(366,114,100179,355,'asd','暂无',0,0,114,'1605186810940'),(367,114,100179,347,'asd','暂无',0,0,114,'1605187037738'),(368,114,100179,355,'asd','暂无',0,0,114,'1605187088297'),(369,88,100179,363,'sdaf;a','暂无',0,0,88,'1605187251838'),(370,114,100179,368,'asd','暂无',0,0,114,'1605187272815'),(371,88,100179,345,'废物','暂无',0,0,88,'1605187291387'),(372,73,100179,369,'nihao','暂无',0,0,73,'1605187294114'),(373,88,100179,371,'垃圾','你阿斯顿fa',0,0,88,'1605187309661'),(375,73,100179,373,'你也是废物吗','暂无',0,0,73,'1605187382282'),(376,88,100179,375,'太巧了','暂无',0,0,88,'1605187396339'),(377,73,100180,365,'你好啊','暂无',0,0,73,'1605187481349'),(378,114,100180,365,'asd','暂无',0,0,114,'1605187486539'),(379,114,100180,378,'asd','暂无',0,0,114,'1605187489655'),(380,114,100180,377,'好个屁','暂无',0,0,114,'1605187496278'),(381,114,100180,379,'das','暂无',0,0,114,'1605187519593'),(382,114,100180,378,'asd','暂无',0,0,114,'1605187543720'),(385,114,100180,384,'asd','暂无',0,0,114,'1605187594564'),(387,114,100180,386,'asd','暂无',0,0,114,'1605187722352'),(388,73,100180,365,'s','暂无',0,0,73,'1605188063557'),(389,88,100180,388,'b','暂无',0,0,88,'1605188071916'),(397,73,100187,0,'密码','哇哈哈哈哈',0,0,73,'1605320981988'),(398,73,100188,0,'密码','你好',0,0,73,'1605321383755'),(399,73,100189,0,'没有密码','哈哈哈哈',0,0,73,'1605322039830'),(406,103,100188,398,'yoyo','yoyoho',0,0,103,'1605335855479'),(408,88,100188,398,'google hello','暂无',0,0,88,'1605336817215'),(412,103,100135,71,'打架','暂无',0,0,103,'1605339513154'),(413,103,100135,78,'aaa','暂无',0,0,103,'1605339639231'),(414,103,100135,413,'yohoyes','暂无',0,0,103,'1605339701573'),(415,103,100135,414,'GND','暂无',0,0,103,'1605339758302'),(416,103,100135,415,'amn','暂无',0,0,103,'1605339805504'),(424,88,100188,408,'nihao','暂无',0,0,88,'1605340821069'),(437,88,100189,399,'add111','暂无',0,0,88,'1605342641898'),(438,114,100190,0,'asd','暂无',0,0,114,'1605342661032'),(439,114,100190,438,'asd','暂无',0,0,114,'1605403818476'),(441,88,100188,424,'google','暂无',0,0,88,'1605343423918'),(446,88,100188,424,'addgoogel','暂无',0,0,88,'1605343630623'),(452,114,100188,451,'asd','暂无',0,0,114,'1605343769504'),(453,114,100188,451,'asd','暂无',0,0,114,'1605343772371'),(454,114,100188,451,'asd','暂无',0,0,114,'1605343776058'),(457,73,100188,441,'dsf','暂无',0,0,73,'1605343788143'),(461,73,100188,456,'dad','暂无',0,0,73,'1605343795452'),(463,73,100188,462,'sad','暂无',0,0,73,'1605343804935'),(472,114,100188,467,'asd','暂无',0,0,114,'1605343853575'),(473,114,100188,467,'asd','暂无',0,0,114,'1605343854859'),(474,114,100188,470,'asd','暂无',0,0,114,'1605343859412'),(475,114,100188,470,'asd','暂无',0,0,114,'1605343860920'),(476,114,100188,470,'asd','暂无',0,0,114,'1605343863099'),(485,114,100188,484,'asd','暂无',0,0,114,'1605344022172'),(486,114,100188,484,'asd','暂无',0,0,114,'1605344024482'),(487,114,100188,485,'asd','暂无',0,0,114,'1605344026940'),(488,73,100188,446,'erwr','暂无',0,0,73,'1605344143476'),(489,73,100188,424,'qeq','暂无',0,0,73,'1605344165304'),(500,88,100188,398,'first','暂无',0,0,88,'1605345313287'),(501,114,100188,500,'asd','暂无',0,0,114,'1605345497041'),(502,114,100188,501,'dsa','暂无',0,0,114,'1605345797040'),(504,88,100188,406,'sadf','暂无',0,0,88,'1605345875636'),(505,114,100188,406,'asd','暂无',0,0,114,'1605345882084'),(506,114,100188,504,'asd','暂无',0,0,114,'1605345916392'),(507,114,100188,505,'asd','暂无',0,0,114,'1605345935546'),(508,114,100188,398,'asd','暂无',0,0,114,'1605346099623'),(516,114,100188,398,'asd','暂无',0,0,114,'1605346408873'),(517,114,100191,0,'das','暂无',0,0,114,'1605346601252'),(527,114,100191,517,'asd','111',0,0,114,'1605347168517'),(531,88,100191,527,'sadfa','暂无',0,0,88,'1605348200942'),(533,114,100191,527,'asd','暂无',0,0,114,'1605347865393'),(534,114,100191,517,'asd','暂无',0,0,114,'1605347891494'),(536,114,100191,517,'asd','暂无',0,0,114,'1605347963497'),(539,114,100191,517,'asd','暂无',1,0,114,'1605348302859'),(540,88,100191,517,'打算','暂无',0,0,88,'1605358417200'),(559,88,100190,439,'jia','暂无',0,0,88,'1605404287510'),(560,73,100188,488,'nihaoya','暂无',0,0,73,'1605409028897'),(561,88,100192,0,'项目1','暂无',0,0,88,'1605409768093'),(562,73,100193,0,'今天吃什么','暂无',0,0,73,'1605409777759'),(563,88,100194,0,'项目2','暂无',0,0,88,'1605409796838'),(564,88,100195,0,'不吃了不吃了','暂无',0,0,88,'1605409823121'),(574,73,100136,124,'就很离谱','暂无',0,0,73,'1605424933675'),(575,88,100195,564,'丫丫有','暂无',0,0,88,'1605426967137'),(576,88,100195,575,'阿斯顿附近案例','暂无',0,0,88,'1605426996360');
/*!40000 ALTER TABLE `t_node` ENABLE KEYS */;
UNLOCK TABLES;

--
-- Table structure for table `t_project`
--

DROP TABLE IF EXISTS `t_project`;
/*!40101 SET @saved_cs_client     = @@character_set_client */;
/*!40101 SET character_set_client = utf8 */;
CREATE TABLE `t_project` (
  `id` int(11) NOT NULL AUTO_INCREMENT,
  `project_name` varchar(64) NOT NULL,
  `public` tinyint(1) NOT NULL,
  `project_rank` int(11) NOT NULL DEFAULT 0,
  `author_id` int(11) NOT NULL,
  `introduction` mediumtext DEFAULT NULL,
  `head_id` int(11) NOT NULL,
  `create_time` varchar(64) DEFAULT NULL,
  `deadline` varchar(64) DEFAULT NULL,
  `password` mediumtext DEFAULT NULL,
  PRIMARY KEY (`id`)
) ENGINE=InnoDB AUTO_INCREMENT=100196 DEFAULT CHARSET=utf8;
/*!40101 SET character_set_client = @saved_cs_client */;

--
-- Dumping data for table `t_project`
--

LOCK TABLES `t_project` WRITE;
/*!40000 ALTER TABLE `t_project` DISABLE KEYS */;
INSERT INTO `t_project` VALUES (100123,'text',0,1,96,'sfa;sfaj',0,'1603801988604','1603888388604',''),(100124,'test',0,1,96,'prroject',0,'1603802282520','1603888682520',''),(100127,'小程序开发',0,1,98,'。。。',29,'1603807650428','1606399650428',''),(100128,'咖喱饭',0,1,99,'做一个咖喱饭，不要咖喱不要饭',42,'1603810028460','1603896428460',''),(100129,'1',0,1,102,'77',43,'1603855546526','1603941946526',''),(100132,'das',0,1,97,'暂无',46,'1603862016538','1603948416538',''),(100133,'测试',0,1,70,'暂无',57,'1603863453065','1603949853065',''),(100134,'今天吃什么',0,1,73,'暂无',61,'1603939393072','1604025793072',''),(100135,'思维导图',0,1,104,'课上临时',71,'1603953527394','1604039927394',''),(100136,'露营',0,1,104,'课上临时',80,'1603953973610','1635057973610',''),(100138,'vcvcv',0,1,103,'cvcvcv',131,'1603955663085','1604042063085',''),(100156,'思维导图作业',0,1,73,'暂无',182,'1603973278277','1604578078277',''),(100158,'教程项目',0,1,110,'暂无',187,'1604031807367','1604118207367',''),(100159,'**d',0,1,111,'暂无',188,'1604032571526','1604118971526',''),(100163,'加入项目教程',0,1,113,'加入项目教程',192,'1604034726525','1604121126525',''),(100166,'导入导出教程',0,1,112,'null',195,'1604035866624','1604035866624',''),(100175,'迎新晚会',0,3,114,'过一阵子的迎新晚会要求我们组织出一个节目，大家谈论讨论看看我们搞个什么节目',250,'1603709063069','1604745863069',''),(100188,'密码',1,1,73,'你好',398,'1605321383873','1605407783873','123'),(100190,'asd',1,1,114,'暂无',438,'1605342661993','1605429061993',''),(100191,'das',1,1,114,'暂无',517,'1605346602033','1605433002033',''),(100192,'项目1',1,1,88,'暂无',561,'1605409768074','1605496168074',''),(100193,'今天吃什么',1,1,73,'暂无',562,'1605409777992','1605496177992',''),(100194,'项目2',1,1,88,'暂无',563,'1605409796829','1605668996829',''),(100195,'不吃了不吃了',1,1,88,'暂无',564,'1605409823101','1605496223101','');
/*!40000 ALTER TABLE `t_project` ENABLE KEYS */;
UNLOCK TABLES;

--
-- Table structure for table `t_recent_project`
--

DROP TABLE IF EXISTS `t_recent_project`;
/*!40101 SET @saved_cs_client     = @@character_set_client */;
/*!40101 SET character_set_client = utf8 */;
CREATE TABLE `t_recent_project` (
  `user_id` int(11) NOT NULL,
  `project_id` int(11) DEFAULT NULL,
  UNIQUE KEY `user_id` (`user_id`,`project_id`)
) ENGINE=InnoDB DEFAULT CHARSET=utf8;
/*!40101 SET character_set_client = @saved_cs_client */;

--
-- Dumping data for table `t_recent_project`
--

LOCK TABLES `t_recent_project` WRITE;
/*!40000 ALTER TABLE `t_recent_project` DISABLE KEYS */;
INSERT INTO `t_recent_project` VALUES (70,100133),(70,100134),(70,100136),(73,100127),(73,100133),(73,100134),(73,100135),(73,100136),(73,100188),(73,100193),(88,100188),(88,100190),(88,100192),(88,100194),(88,100195),(96,100123),(96,100124),(97,100132),(98,100127),(99,100128),(102,100129),(103,100135),(103,100136),(103,100138),(103,100188),(104,100135),(104,100136),(105,100135),(105,100136),(106,100135),(106,100136),(107,100136),(109,100136),(110,100158),(111,100159),(112,100166),(112,100175),(113,100163),(114,100127),(114,100134),(114,100135),(114,100138),(114,100175),(114,100190),(114,100191),(115,100138);
/*!40000 ALTER TABLE `t_recent_project` ENABLE KEYS */;
UNLOCK TABLES;

--
-- Table structure for table `t_star`
--

DROP TABLE IF EXISTS `t_star`;
/*!40101 SET @saved_cs_client     = @@character_set_client */;
/*!40101 SET character_set_client = utf8 */;
CREATE TABLE `t_star` (
  `user_id` int(11) NOT NULL,
  `node_id` int(11) NOT NULL,
  UNIQUE KEY `user_id` (`user_id`,`node_id`)
) ENGINE=InnoDB DEFAULT CHARSET=utf8;
/*!40101 SET character_set_client = @saved_cs_client */;

--
-- Dumping data for table `t_star`
--

LOCK TABLES `t_star` WRITE;
/*!40000 ALTER TABLE `t_star` DISABLE KEYS */;
INSERT INTO `t_star` VALUES (70,69),(70,84),(70,111),(70,124),(70,185),(73,77),(73,124),(73,254),(73,564),(88,131),(88,380),(88,488),(88,564),(103,72),(103,76),(103,82),(103,84),(103,87),(103,132),(103,398),(105,72),(105,73),(112,251),(113,254),(114,32),(114,72),(114,76),(114,213),(114,252);
/*!40000 ALTER TABLE `t_star` ENABLE KEYS */;
UNLOCK TABLES;

--
-- Table structure for table `t_user`
--

DROP TABLE IF EXISTS `t_user`;
/*!40101 SET @saved_cs_client     = @@character_set_client */;
/*!40101 SET character_set_client = utf8 */;
CREATE TABLE `t_user` (
  `id` int(11) NOT NULL AUTO_INCREMENT,
  `user_name` varchar(20) NOT NULL,
  `user_email` varchar(64) NOT NULL,
  `password` mediumtext NOT NULL,
  `user_avatar` mediumtext DEFAULT NULL,
  `user_signature` varchar(32) DEFAULT '这家伙很懒,什么也没留下!',
  `exp` int(11) DEFAULT 0,
  `token` varchar(32) DEFAULT NULL,
  PRIMARY KEY (`id`),
  UNIQUE KEY `user_email` (`user_email`)
) ENGINE=InnoDB AUTO_INCREMENT=118 DEFAULT CHARSET=utf8;
/*!40101 SET character_set_client = @saved_cs_client */;

--
-- Dumping data for table `t_user`
--

LOCK TABLES `t_user` WRITE;
/*!40000 ALTER TABLE `t_user` DISABLE KEYS */;
INSERT INTO `t_user` VALUES (70,'测试号1001','1001@qq.com','9AE0147D65724F72F74804AF4AAC6F13','/img/avatar/70.jpg?ran=0.04065186173501978','这家伙很懒,什么也没留下!',0,NULL),(73,'TKRJ','1030970578@qq.com','B16A12CA3C0006198575C7288D5D64E4','/img/avatar/73.jpg?ran=0.5739842546724808','这家伙很懒,什么也没留下!',0,NULL),(88,'heihei','11@qq.com','3ADE3FD6E8EEF84F2EA91F6474BE10D9','/img/avatar/default0.png','这家伙很懒,什么也没留下!',0,NULL),(97,'1002','1002@qq.com','9AE0147D65724F72F74804AF4AAC6F13','/img/avatar/97.jpg?ran=0.4385591285256999','这家伙很懒,什么也没留下!',0,NULL),(98,'song','2547528381@qq.com','7CF28171508943DEEFEE4B3DA7F41923','/img/avatar/default2.png','这家伙很懒,什么也没留下!',0,NULL),(99,'咖喱','1637074297@qq.com','E19D5CD5AF0378DA05F63F891C7467AF','/img/avatar/default2.png','这家伙很懒,什么也没留下!',0,NULL),(100,'cjj','1520388538@qq.com','6D5E93310303940A99A6E168023E871E','/img/avatar/default1.png','这家伙很懒,什么也没留下!',0,NULL),(101,'zsx','465451544@qq.com','D3B661A58A06D5777D7FA87C6BA43C2C','/img/avatar/default0.png','这家伙很懒,什么也没留下!',0,NULL),(102,'钢铁熊猫人','770139414@qq.com','76638512BFD887C32EAE681460F74B45','/img/avatar/default0.png','这家伙很懒,什么也没留下!',0,NULL),(103,'yohoyes','1131993675@qq.com','3ADE3FD6E8EEF84F2EA91F6474BE10D9','/img/avatar/default0.png','这家伙很懒,什么也没留下!',0,NULL),(104,'asd','499600328@qq.com','07913D1CE3A6A86F4EADFFDBEE8B216B','/img/avatar/default1.png','这家伙很懒,什么也没留下!',0,NULL),(105,'Florence','2213576511@qq.com','D0DCBF0D12A6B1E7FBFA2CE5848F3EFF','/img/avatar/default2.png','这家伙很懒,什么也没留下!',0,NULL),(106,'asdf','5422037@qq.com','59C1B86B576824604A07869F0702352E','/img/avatar/default1.png','这家伙很懒,什么也没留下!',0,NULL),(107,'我是你爸爸','605908700@qq.com','DE88E3E4AB202D87754078CBB2DF6063','/img/avatar/107.jpg?ran=0.7296396432550403','这家伙很懒,什么也没留下!',0,NULL),(108,'维哥哥的小迷弟','371453114@qq.com','9A4E2AB2E211895B03219503795C6778','/img/avatar/default1.png','这家伙很懒,什么也没留下!',0,NULL),(109,'测试号1002','1003@qq.com','9AE0147D65724F72F74804AF4AAC6F13','/img/avatar/109.jpg?ran=0.711380703775673','这家伙很懒,什么也没留下!',0,NULL),(110,'新手教程','xxjc@qq.com','9AE0147D65724F72F74804AF4AAC6F13','/img/avatar/110.png?ran=0.69167701383298','这家伙很懒,什么也没留下!',0,NULL),(111,'新手教程账号1','xxjc1@qq.com','9AE0147D65724F72F74804AF4AAC6F13','/img/avatar/111.png?ran=0.936123394244313','这家伙很懒,什么也没留下!',0,NULL),(112,'教程1号','jc1@qq.com','9AE0147D65724F72F74804AF4AAC6F13','/img/avatar/112.jpg?ran=0.580324553110633','这家伙很懒,什么也没留下!',0,NULL),(113,'教程2号','jc2@qq.com','9AE0147D65724F72F74804AF4AAC6F13','/img/avatar/113.jpg?ran=0.9775541307478056','这家伙很懒,什么也没留下!',0,NULL),(114,'演示号','007@qq.com','3ADE3FD6E8EEF84F2EA91F6474BE10D9','/img/avatar/114.jpg?ran=0.5599483093480835','这家伙很懒,什么也没留下!',0,NULL),(115,'zhaoliu','111@qq.com','698D51A19D8A121CE581499D7B701668','/img/avatar/default0.png','这家伙很懒,什么也没留下!',0,NULL);
/*!40000 ALTER TABLE `t_user` ENABLE KEYS */;
UNLOCK TABLES;
/*!40103 SET TIME_ZONE=@OLD_TIME_ZONE */;

/*!40101 SET SQL_MODE=@OLD_SQL_MODE */;
/*!40014 SET FOREIGN_KEY_CHECKS=@OLD_FOREIGN_KEY_CHECKS */;
/*!40014 SET UNIQUE_CHECKS=@OLD_UNIQUE_CHECKS */;
/*!40101 SET CHARACTER_SET_CLIENT=@OLD_CHARACTER_SET_CLIENT */;
/*!40101 SET CHARACTER_SET_RESULTS=@OLD_CHARACTER_SET_RESULTS */;
/*!40101 SET COLLATION_CONNECTION=@OLD_COLLATION_CONNECTION */;
/*!40111 SET SQL_NOTES=@OLD_SQL_NOTES */;

-- Dump completed on 2020-11-16 19:36:29
